{
  "project_info": {
    "project_number": "681777210172",
    "project_id": "notes-pro-46888",
    "storage_bucket": "notes-pro-46888.appspot.com"
  },
  "client": [
    {
      "client_info": {
        "mobilesdk_app_id": "1:681777210172:android:e8fcd0406fbd0c9a12b439",
        "android_client_info": {
          "package_name": "com.example.notes"
        }
      },
      "oauth_client": [],
      "api_key": [
        {
          "current_key": "AIzaSyAzABnebSZD1jUnDSwYvnEAVH6Jmkf5oJQ"
        }
      ],
      "services": {
        "appinvite_service": {
          "other_platform_oauth_client": []
        }
      }
    },
    {
      "client_info": {
        "mobilesdk_app_id": "1:681777210172:android:eaea72a52c8ded1012b439",
        "android_client_info": {
          "package_name": "com.example.notespro"
        }
      },
      "oauth_client": [],
      "api_key": [
        {
          "current_key": "AIzaSyAzABnebSZD1jUnDSwYvnEAVH6Jmkf5oJQ"
        }
      ],
      "services": {
        "appinvite_service": {
          "other_platform_oauth_client": []
        }
      }
    }
  ],
  "configuration_version": "1"
}